INSERT INTO regions(region_id, region_name) VALUES
    ( 1 , 'Europe'), ( 2 , 'Americas'),
    ( 3, 'Asia'), ( 4, 'Middle East and Africa');

INSERT INTO countries(country_id, country_name, region_id) VALUES
    ( 'IT', 'Italy', 1 ), ( 'JP', 'Japan', 3 ), ( 'US', 'United States of America', 2 ), ( 'CA', 'Canada', 2 ),
    ( 'CN', 'China', 3 ), ( 'IN', 'India', 3 ), ( 'AU', 'Australia', 3), ( 'ZW', 'Zimbabwe', 4 ), ( 'SG', 'Singapore', 3 ),
    ( 'UK', 'United Kingdom', 1 ), ( 'FR', 'France', 1 ), ( 'DE', 'Germany', 1 ), ( 'ZM', 'Zambia', 4 ), ( 'EG', 'Egypt', 4 ),
    ( 'BR', 'Brazil', 2 ), ( 'CH', 'Switzerland', 1 ), ( 'NL', 'Netherlands', 1 ), ( 'MX', 'Mexico', 2 ), ( 'KW', 'Kuwait', 4 ),
    ( 'IL', 'Israel', 4 ), ( 'DK', 'Denmark', 1 ), ( 'ML', 'Malaysia', 3 ), ( 'NG', 'Nigeria', 4 ), ( 'AR', 'Argentina', 2 ),
    ( 'BE', 'Belgium', 1 );

INSERT INTO locations(location_id, street_address, postal_code, city, state_province, country_id ) VALUES
    ( 1000, '1297 Via Cola di Rie', '00989', 'Roma', NULL, 'IT'),
    ( 1100, '93091 Calle della Testa', '10934', 'Venice', NULL, 'IT'),
    ( 1200, '2017 Shinjuku-ku', '1689', 'Tokyo', 'Tokyo Prefecture', 'JP'),
    ( 1300, '9450 Kamiya-cho', '6823', 'Hiroshima', NULL, 'JP'),
    ( 1400, '2014 Jabberwocky Rd', '26192', 'Southlake', 'Texas', 'US'),
    ( 1500, '2011 Interiors Blvd', '99236', 'South San Francisco', 'California', 'US'),
    ( 1600, '2007 Zagora St', '50090', 'South Brunswick', 'New Jersey', 'US'),
    ( 1700, '2004 Charade Rd', '98199', 'Seattle', 'Washington', 'US'),
    ( 1800, '147 Spadina Ave', 'M5V 2L7', 'Toronto', 'Ontario', 'CA'),
    ( 1900, '6092 Boxwood St', 'YSW 9T2', 'Whitehorse', 'Yukon', 'CA'),
    ( 2000, '40-5-12 Laogianggen', '190518', 'Beijing', NULL, 'CN'),
    ( 2100, '1298 Vileparle (E)', '490231', 'Bombay', 'Maharashtra', 'IN'),
    ( 2200, '12-98 Victoria Street', '2901', 'Sydney', 'New South Wales', 'AU'),
    ( 2300, '198 Clementi North', '540198', 'Singapore', NULL, 'SG'),
    ( 2400, '8204 Arthur St', NULL, 'London', NULL, 'UK'),
    ( 2500, 'Magdalen Centre, The Oxford Science Park', 'OX9 9ZB', 'Oxford', 'Oxford', 'UK'),
    ( 2600, '9702 Chester Road', '09629850293', 'Stretford', 'Manchester', 'UK'),
    ( 2700, 'Schwanthalerstr. 7031', '80925', 'Munich', 'Bavaria', 'DE'),
    ( 2800, 'Rua Frei Caneca 1360 ', '01307-002', 'Sao Paulo', 'Sao Paulo', 'BR'),
    ( 2900, '20 Rue des Corps-Saints', '1730', 'Geneva', 'Geneve', 'CH'),
    ( 3000, 'Murtenstrasse 921', '3095', 'Bern', 'BE', 'CH'),
    ( 3100, 'Pieter Breughelstraat 837', '3029SK', 'Utrecht', 'Utrecht', 'NL'),
    ( 3200, 'Mariano Escobedo 9991', '11932', 'Mexico City', 'Distrito Federal', 'MX');

INSERT INTO jobs(job_id, job_title, min_salary, max_salary) VALUES
    ( 'AD_PRES', 'President', 20080, 40000),
    ( 'AD_VP', 'Administration Vice President', 15000, 30000),
    ( 'AD_ASST', 'Administration Assistant', 3000, 6000),
    ( 'FI_MGR', 'Finance Manager', 8200, 16000),
    ( 'FI_ACCOUNT', 'Accountant', 4200, 9000),
    ( 'AC_MGR', 'Accounting Manager', 8200, 16000),
    ( 'AC_ACCOUNT', 'Public Accountant', 4200, 9000),
    ( 'SA_MAN', 'Sales Manager', 10000, 20080),
    ( 'SA_REP', 'Sales Representative', 6000, 12008),
    ( 'PU_MAN', 'Purchasing Manager', 8000, 15000),
    ( 'PU_CLERK', 'Purchasing Clerk', 2500, 5500),
    ( 'ST_MAN', 'Stock Manager', 5500, 8500),
    ( 'ST_CLERK', 'Stock Clerk', 2008, 5000),
    ( 'SH_CLERK', 'Shipping Clerk', 2500, 5500),
    ( 'IT_PROG', 'Programmer', 4000, 10000),
    ( 'MK_MAN', 'Marketing Manager', 9000, 15000),
    ( 'MK_REP', 'Marketing Representative', 4000, 9000),
    ( 'HR_REP', 'Human Resources Representative', 4000, 9000),
    ( 'PR_REP', 'Public Relations Representative', 4500, 10500);

INSERT INTO departments(department_id, department_name, manager_id, location_id) VALUES
    ( 10, 'Administration', NULL, 1700),
    ( 20, 'Marketing', NULL, 1800),
    ( 30, 'Purchasing', NULL, 1700),
    ( 40, 'Human Resources', NULL, 2400),
    ( 50, 'Shipping', NULL, 1500),
    ( 60, 'IT', NULL, 1400),
    ( 70, 'Public Relations', NULL, 2700),
    ( 80, 'Sales', NULL, 2500),
    ( 90, 'Executive', NULL, 1700),
    ( 100, 'Finance', NULL, 1700),
    ( 110, 'Accounting', NULL, 1700),
    ( 120, 'Treasury', NULL, 1700),
    ( 130, 'Corporate Tax', NULL, 1700),
    ( 140, 'Control And Credit', NULL, 1700),
    ( 150, 'Shareholder Services', NULL, 1700),
    ( 160, 'Benefits', NULL, 1700),
    ( 170, 'Manufacturing', NULL, 1700),
    ( 180, 'Construction', NULL, 1700),
    ( 190, 'Contracting', NULL, 1700),
    ( 200, 'Operations', NULL, 1700),
    ( 210, 'IT Support', NULL, 1700),
    ( 220, 'NOC', NULL, 1700),
    ( 230, 'IT Helpdesk', NULL, 1700),
    ( 240, 'Government Sales', NULL, 1700),
    ( 250, 'Retail Sales', NULL, 1700),
    ( 260, 'Recruiting', NULL, 1700),
    ( 270, 'Payroll', NULL, 1700);

INSERT INTO employees(employee_id, first_name, last_name, email, phone_number, hire_date, job_id, salary, commission_pct, manager_id, department_id) VALUES
    ( 100, 'Steven', 'King', 'SKING@UPC.EDU.PE', '515.123.4567', TO_DATE('17-06-2003', 'DD-MM-YYYY'), 'AD_PRES', 24000, NULL, NULL, 90),
    ( 101, 'Neena', 'Kochhar', 'NKOCHHAR@UPC.EDU.PE', '515.123.4568', TO_DATE('21-09-2005', 'DD-MM-YYYY'), 'AD_VP', 17000, NULL, 100, 90),
    ( 102, 'Lex', 'De Haan', 'LDEHAAN@UPC.EDU.PE', '515.123.4569', TO_DATE('13-01-2001', 'DD-MM-YYYY'), 'AD_VP', 17000, NULL, 100, 90),
    ( 103, 'Alexander', 'Hunold', 'AHUNOLD@UPC.EDU.PE', '590.423.4567', TO_DATE('03-01-2006', 'DD-MM-YYYY'), 'IT_PROG', 9000, NULL, 102, 60),
    ( 104, 'Bruce', 'Ernst', 'BERNST@UPC.EDU.PE', '590.423.4568', TO_DATE('21-05-2007', 'DD-MM-YYYY'), 'IT_PROG', 6000, NULL, 103, 60),
    ( 105, 'David', 'Austin', 'DAUSTIN@UPC.EDU.PE', '590.423.4569', TO_DATE('25-06-2005', 'DD-MM-YYYY'), 'IT_PROG', 4800, NULL, 103, 60),
    ( 106, 'Valli', 'Pataballa', 'VPATABAL@UPC.EDU.PE', '590.423.4560', TO_DATE('05-02-2006', 'DD-MM-YYYY'), 'IT_PROG', 4800, NULL, 103, 60),
    ( 107, 'Diana', 'Lorentz', 'DLORENTZ@UPC.EDU.PE', '590.423.5567', TO_DATE('07-02-2007', 'DD-MM-YYYY'), 'IT_PROG', 4200, NULL, 103, 60),
    ( 108, 'Nancy', 'Greenberg', 'NGREENBE@UPC.EDU.PE', '515.124.4569', TO_DATE('17-08-2002', 'DD-MM-YYYY'), 'FI_MGR', 12008, NULL, 101, 100),
    ( 109, 'Daniel', 'Faviet', 'DFAVIET@UPC.EDU.PE', '515.124.4169', TO_DATE('16-08-2002', 'DD-MM-YYYY'), 'FI_ACCOUNT', 9000, NULL, 108, 100),
    ( 110, 'John', 'Chen', 'JCHEN@UPC.EDU.PE', '515.124.4269', TO_DATE('28-09-2005', 'DD-MM-YYYY'), 'FI_ACCOUNT', 8200, NULL, 108, 100),
    ( 111, 'Ismael', 'Sciarra', 'ISCIARRA@UPC.EDU.PE', '515.124.4369', TO_DATE('30-09-2005', 'DD-MM-YYYY'), 'FI_ACCOUNT', 7700, NULL, 108, 100),
    ( 112, 'Jose Manuel', 'Urman', 'JMURMAN@UPC.EDU.PE', '515.124.4469', TO_DATE('07-03-2006', 'DD-MM-YYYY'), 'FI_ACCOUNT', 7800, NULL, 108, 100),
    ( 113, 'Luis', 'Popp', 'LPOPP@UPC.EDU.PE', '515.124.4567', TO_DATE('07-12-2007', 'DD-MM-YYYY'), 'FI_ACCOUNT', 6900, NULL, 108, 100),
    ( 114, 'Den', 'Raphaely', 'DRAPHEAL@UPC.EDU.PE', '515.127.4561', TO_DATE('07-12-2002', 'DD-MM-YYYY'), 'PU_MAN', 11000, NULL, 100, 30),
    ( 115, 'Alexander', 'Khoo', 'AKHOO@UPC.EDU.PE', '515.127.4562', TO_DATE('18-05-2003', 'DD-MM-YYYY'), 'PU_CLERK', 3100, NULL, 114, 30),
    ( 116, 'Shelli', 'Baida', 'SBAIDA@UPC.EDU.PE', '515.127.4563', TO_DATE('24-12-2005', 'DD-MM-YYYY'), 'PU_CLERK', 2900, NULL, 114, 30),
    ( 117, 'Sigal', 'Tobias', 'STOBIAS@UPC.EDU.PE', '515.127.4564', TO_DATE('24-07-2005', 'DD-MM-YYYY'), 'PU_CLERK', 2800, NULL, 114, 30),
    ( 118, 'Guy', 'Himuro', 'GHIMURO@UPC.EDU.PE', '515.127.4565', TO_DATE('15-11-2006', 'DD-MM-YYYY'), 'PU_CLERK', 2600, NULL, 114, 30),
    ( 119, 'Karen', 'Colmenares', 'KCOLMENA@UPC.EDU.PE', '515.127.4566', TO_DATE('10-08-2007', 'DD-MM-YYYY'), 'PU_CLERK', 2500, NULL, 114, 30),
    ( 120, 'Matthew', 'Weiss', 'MWEISS@UPC.EDU.PE', '650.123.1234', TO_DATE('18-07-2004', 'DD-MM-YYYY'), 'ST_MAN', 8000, NULL, 100, 50),
    ( 121, 'Adam', 'Fripp', 'AFRIPP@UPC.EDU.PE', '650.123.2234', TO_DATE('10-04-2005', 'DD-MM-YYYY'), 'ST_MAN', 8200, NULL, 100, 50),
    ( 122, 'Payam', 'Kaufling', 'PKAUFLIN@UPC.EDU.PE', '650.123.3234', TO_DATE('01-05-2003', 'DD-MM-YYYY'), 'ST_MAN', 7900, NULL, 100, 50),
    ( 123, 'Shanta', 'Vollman', 'SVOLLMAN@UPC.EDU.PE', '650.123.4234', TO_DATE('10-10-2005', 'DD-MM-YYYY'), 'ST_MAN', 6500, NULL, 100, 50),
    ( 124, 'Kevin', 'Mourgos', 'KMOURGOS@UPC.EDU.PE', '650.123.5234', TO_DATE('16-11-2007', 'DD-MM-YYYY'), 'ST_MAN', 5800, NULL, 100, 50),
    ( 125, 'Julia', 'Nayer', 'JNAYER@UPC.EDU.PE', '650.124.1214', TO_DATE('16-07-2005', 'DD-MM-YYYY'), 'ST_CLERK', 3200, NULL, 120, 50),
    ( 126, 'Irene', 'Mikkilineni', 'IMIKKILI@UPC.EDU.PE', '650.124.1224', TO_DATE('28-09-2006', 'DD-MM-YYYY'), 'ST_CLERK', 2700, NULL, 120, 50),
    ( 127, 'James', 'Landry', 'JLANDRY@UPC.EDU.PE', '650.124.1334', TO_DATE('14-01-2007', 'DD-MM-YYYY'), 'ST_CLERK', 2400, NULL, 120, 50),
    ( 128, 'Steven', 'Markle', 'SMARKLE@UPC.EDU.PE', '650.124.1434', TO_DATE('08-03-2008', 'DD-MM-YYYY'), 'ST_CLERK', 2200, NULL, 120, 50),
    ( 129, 'Laura', 'Bissot', 'LBISSOT@UPC.EDU.PE', '650.124.5234', TO_DATE('20-08-2005', 'DD-MM-YYYY'), 'ST_CLERK', 3300, NULL, 121, 50),
    ( 130, 'Mozhe', 'Atkinson', 'MATKINSO@UPC.EDU.PE', '650.124.6234', TO_DATE('30-10-2005', 'DD-MM-YYYY'), 'ST_CLERK', 2800, NULL, 121, 50),
    ( 131, 'James', 'Marlow', 'JAMRLOW@UPC.EDU.PE', '650.124.7234', TO_DATE('16-02-2005', 'DD-MM-YYYY'), 'ST_CLERK', 2500, NULL, 121, 50),
    ( 132, 'TJ', 'Olson', 'TJOLSON@UPC.EDU.PE', '650.124.8234', TO_DATE('10-04-2007', 'DD-MM-YYYY'), 'ST_CLERK', 2100, NULL, 121, 50),
    ( 133, 'Jason', 'Mallin', 'JMALLIN@UPC.EDU.PE', '650.127.1934', TO_DATE('14-06-2004', 'DD-MM-YYYY'), 'ST_CLERK', 3300, NULL, 122, 50),
    ( 134, 'Michael', 'Rogers', 'MROGERS@UPC.EDU.PE', '650.127.1834', TO_DATE('26-08-2006', 'DD-MM-YYYY'), 'ST_CLERK', 2900, NULL, 122, 50),
    ( 135, 'Ki', 'Gee', 'KGEE@UPC.EDU.PE', '650.127.1734', TO_DATE('12-12-2007', 'DD-MM-YYYY'), 'ST_CLERK', 2400, NULL, 122, 50),
    ( 136, 'Hazel', 'Philtanker', 'HPHILTAN@UPC.EDU.PE', '650.127.1634', TO_DATE('06-02-2008', 'DD-MM-YYYY'), 'ST_CLERK', 2200, NULL, 122, 50),
    ( 137, 'Renske', 'Ladwig', 'RLADWIG@UPC.EDU.PE', '650.121.1234', TO_DATE('14-07-2003', 'DD-MM-YYYY'), 'ST_CLERK', 3600, NULL, 123, 50),
    ( 138, 'Stephen', 'Stiles', 'SSTILES@UPC.EDU.PE', '650.121.2034', TO_DATE('26-10-2005', 'DD-MM-YYYY'), 'ST_CLERK', 3200, NULL, 123, 50),
    ( 139, 'John', 'Seo', 'JSEO@UPC.EDU.PE', '650.121.2019', TO_DATE('12-02-2006', 'DD-MM-YYYY'), 'ST_CLERK', 2700, NULL, 123, 50),
    ( 140, 'Joshua', 'Patel', 'JPATEL@UPC.EDU.PE', '650.121.1834', TO_DATE('06-04-2006', 'DD-MM-YYYY'), 'ST_CLERK', 2500, NULL, 123, 50),
    ( 141, 'Trenna', 'Rajs', 'TRAJS@UPC.EDU.PE', '650.121.8009', TO_DATE('17-10-2003', 'DD-MM-YYYY'), 'ST_CLERK', 3500, NULL, 124, 50),
    ( 142, 'Curtis', 'Davies', 'CDAVIES@UPC.EDU.PE', '650.121.2994', TO_DATE('29-01-2005', 'DD-MM-YYYY'), 'ST_CLERK', 3100, NULL, 124, 50),
    ( 143, 'Randall', 'Matos', 'RMATOS@UPC.EDU.PE', '650.121.2874', TO_DATE('15-03-2006', 'DD-MM-YYYY'), 'ST_CLERK', 2600, NULL, 124, 50),
    ( 144, 'Peter', 'Vargas', 'PVARGAS@UPC.EDU.PE', '650.121.2004', TO_DATE('09-07-2006', 'DD-MM-YYYY'), 'ST_CLERK', 2500, NULL, 124, 50),
    ( 145, 'John', 'Russell', 'JRUSSEL@UPC.EDU.PE', '011.44.1344.429268', TO_DATE('01-10-2004', 'DD-MM-YYYY'), 'SA_MAN', 14000, .4, 100, 80),
    ( 146, 'Karen', 'Partners', 'KPARTNER@UPC.EDU.PE', '011.44.1344.467268', TO_DATE('05-01-2005', 'DD-MM-YYYY'), 'SA_MAN', 13500, .3, 100, 80),
    ( 147, 'Alberto', 'Errazuriz', 'AERRAZUR@UPC.EDU.PE', '011.44.1344.429278', TO_DATE('10-03-2005', 'DD-MM-YYYY'), 'SA_MAN', 12000, .3, 100, 80),
    ( 148, 'Gerald', 'Cambrault', 'GCAMBRAU@UPC.EDU.PE', '011.44.1344.619268', TO_DATE('15-10-2007', 'DD-MM-YYYY'), 'SA_MAN', 11000, .3, 100, 80),
    ( 149, 'Eleni', 'Zlotkey', 'EZLOTKEY@UPC.EDU.PE', '011.44.1344.429018', TO_DATE('29-01-2008', 'DD-MM-YYYY'), 'SA_MAN', 10500, .2, 100, 80),
    ( 150, 'Peter', 'Tucker', 'PTUCKER@UPC.EDU.PE', '011.44.1344.129268', TO_DATE('30-01-2005', 'DD-MM-YYYY'), 'SA_REP', 10000, .3, 145, 80),
    ( 151, 'David', 'Bernstein', 'DBERNSTE@UPC.EDU.PE', '011.44.1344.345268', TO_DATE('24-03-2005', 'DD-MM-YYYY'), 'SA_REP', 9500, .25, 145, 80),
    ( 152, 'Peter', 'Hall', 'PHALL@UPC.EDU.PE', '011.44.1344.478968', TO_DATE('20-08-2005', 'DD-MM-YYYY'), 'SA_REP', 9000, .25, 145, 80),
    ( 153, 'Christopher', 'Olsen', 'COLSEN@UPC.EDU.PE', '011.44.1344.498718', TO_DATE('30-03-2006', 'DD-MM-YYYY'), 'SA_REP', 8000, .2, 145, 80),
    ( 154, 'Nanette', 'Cambrault', 'NCAMBRAU@UPC.EDU.PE', '011.44.1344.987668', TO_DATE('09-12-2006', 'DD-MM-YYYY'), 'SA_REP', 7500, .2, 145, 80),
    ( 155, 'Oliver', 'Tuvault', 'OTUVAULT@UPC.EDU.PE', '011.44.1344.486508', TO_DATE('23-11-2007', 'DD-MM-YYYY'), 'SA_REP', 7000, .15, 145, 80),
    ( 156, 'Janette', 'King', 'JKING@UPC.EDU.PE', '011.44.1345.429268', TO_DATE('30-01-2004', 'DD-MM-YYYY'), 'SA_REP', 10000, .35, 146, 80),
    ( 157, 'Patrick', 'Sully', 'PSULLY@UPC.EDU.PE', '011.44.1345.929268', TO_DATE('04-03-2004', 'DD-MM-YYYY'), 'SA_REP', 9500, .35, 146, 80),
    ( 158, 'Allan', 'McEwen', 'AMCEWEN@UPC.EDU.PE', '011.44.1345.829268', TO_DATE('01-08-2004', 'DD-MM-YYYY'), 'SA_REP', 9000, .35, 146, 80),
    ( 159, 'Lindsey', 'Smith', 'LSMITH@UPC.EDU.PE', '011.44.1345.729268', TO_DATE('10-03-2005', 'DD-MM-YYYY'), 'SA_REP', 8000, .3, 146, 80),
    ( 160, 'Louise', 'Doran', 'LDORAN@UPC.EDU.PE', '011.44.1345.629268', TO_DATE('15-12-2005', 'DD-MM-YYYY'), 'SA_REP', 7500, .3, 146, 80),
    ( 161, 'Sarath', 'Sewall', 'SSEWALL@UPC.EDU.PE', '011.44.1345.529268', TO_DATE('03-11-2006', 'DD-MM-YYYY'), 'SA_REP', 7000, .25, 146, 80),
    ( 162, 'Clara', 'Vishney', 'CVISHNEY@UPC.EDU.PE', '011.44.1346.129268', TO_DATE('11-11-2005', 'DD-MM-YYYY'), 'SA_REP', 10500, .25, 147, 80),
    ( 163, 'Danielle', 'Greene', 'DGREENE@UPC.EDU.PE', '011.44.1346.229268', TO_DATE('19-03-2007', 'DD-MM-YYYY'), 'SA_REP', 9500, .15, 147, 80),
    ( 164, 'Mattea', 'Marvins', 'MMARVINS@UPC.EDU.PE', '011.44.1346.329268', TO_DATE('24-01-2008', 'DD-MM-YYYY'), 'SA_REP', 7200, .10, 147, 80),
    ( 165, 'David', 'Lee', 'DLEE@UPC.EDU.PE', '011.44.1346.529268', TO_DATE('23-02-2008', 'DD-MM-YYYY'), 'SA_REP', 6800, .1, 147, 80),
    ( 166, 'Sundar', 'Ande', 'SANDE@UPC.EDU.PE', '011.44.1346.629268', TO_DATE('24-03-2008', 'DD-MM-YYYY'), 'SA_REP', 6400, .10, 147, 80),
    ( 167, 'Amit', 'Banda', 'ABANDA@UPC.EDU.PE', '011.44.1346.729268', TO_DATE('21-04-2008', 'DD-MM-YYYY'), 'SA_REP', 6200, .10, 147, 80),
    ( 168, 'Lisa', 'Ozer', 'LOZER@UPC.EDU.PE', '011.44.1343.929268', TO_DATE('11-03-2005', 'DD-MM-YYYY'), 'SA_REP', 11500, .25, 148, 80),
    ( 169, 'Harrison', 'Bloom', 'HBLOOM@UPC.EDU.PE', '011.44.1343.829268', TO_DATE('23-03-2006', 'DD-MM-YYYY'), 'SA_REP', 10000, .20, 148, 80),
    ( 170, 'Tayler', 'Fox', 'TFOX@UPC.EDU.PE', '011.44.1343.729268', TO_DATE('24-01-2006', 'DD-MM-YYYY'), 'SA_REP', 9600, .20, 148, 80),
    ( 171, 'William', 'Smith', 'WSMITH@UPC.EDU.PE', '011.44.1343.629268', TO_DATE('23-02-2007', 'DD-MM-YYYY'), 'SA_REP', 7400, .15, 148, 80),
    ( 172, 'Elizabeth', 'Bates', 'EBATES@UPC.EDU.PE', '011.44.1343.529268', TO_DATE('24-03-2007', 'DD-MM-YYYY'), 'SA_REP', 7300, .15, 148, 80),
    ( 173, 'Sundita', 'Kumar', 'SKUMAR@UPC.EDU.PE', '011.44.1343.329268', TO_DATE('21-04-2008', 'DD-MM-YYYY'), 'SA_REP', 6100, .10, 148, 80),
    ( 174, 'Ellen', 'Abel', 'EABEL@UPC.EDU.PE', '011.44.1644.429267', TO_DATE('11-05-2004', 'DD-MM-YYYY'), 'SA_REP', 11000, .30, 149, 80),
    ( 175, 'Alyssa', 'Hutton', 'AHUTTON@UPC.EDU.PE', '011.44.1644.429266', TO_DATE('19-03-2005', 'DD-MM-YYYY'), 'SA_REP', 8800, .25, 149, 80),
    ( 176, 'Jonathon', 'Taylor', 'JTAYLOR@UPC.EDU.PE', '011.44.1644.429265', TO_DATE('24-03-2006', 'DD-MM-YYYY'), 'SA_REP', 8600, .20, 149, 80),
    ( 177, 'Jack', 'Livingston', 'JLIVINGS@UPC.EDU.PE', '011.44.1644.429264', TO_DATE('23-04-2006', 'DD-MM-YYYY'), 'SA_REP', 8400, .20, 149, 80),
    ( 178, 'Kimberely', 'Grant', 'KGRANT@UPC.EDU.PE', '011.44.1644.429263', TO_DATE('24-05-2007', 'DD-MM-YYYY'), 'SA_REP', 7000, .15, 149, NULL),
    ( 179, 'Charles', 'Johnson', 'CJOHNSON@UPC.EDU.PE', '011.44.1644.429262', TO_DATE('04-01-2008', 'DD-MM-YYYY'), 'SA_REP', 6200, .10, 149, 80),
    ( 180, 'Winston', 'Taylor', 'WTAYLOR@UPC.EDU.PE', '650.507.9876', TO_DATE('24-01-2006', 'DD-MM-YYYY'), 'SH_CLERK', 3200, NULL, 120, 50),
    ( 181, 'Jean', 'Fleaur', 'JFLEAUR@UPC.EDU.PE', '650.507.9877', TO_DATE('23-02-2006', 'DD-MM-YYYY'), 'SH_CLERK', 3100, NULL, 120, 50),
    ( 182, 'Martha', 'Sullivan', 'MSULLIVA@UPC.EDU.PE', '650.507.9878', TO_DATE('21-06-2007', 'DD-MM-YYYY'), 'SH_CLERK', 2500, NULL, 120, 50),
    ( 183, 'Girard', 'Geoni', 'GGEONI@UPC.EDU.PE', '650.507.9879', TO_DATE('03-02-2008', 'DD-MM-YYYY'), 'SH_CLERK', 2800, NULL, 120, 50),
    ( 184, 'Nandita', 'Sarchand', 'NSARCHAN@UPC.EDU.PE', '650.509.1876', TO_DATE('27-01-2004', 'DD-MM-YYYY'), 'SH_CLERK', 4200, NULL, 121, 50),
    ( 185, 'Alexis', 'Bull', 'ABULL@UPC.EDU.PE', '650.509.2876', TO_DATE('20-02-2005', 'DD-MM-YYYY'), 'SH_CLERK', 4100, NULL, 121, 50),
    ( 186, 'Julia', 'Dellinger', 'JDELLING@UPC.EDU.PE', '650.509.3876', TO_DATE('24-06-2006', 'DD-MM-YYYY'), 'SH_CLERK', 3400, NULL, 121, 50),
    ( 187, 'Anthony', 'Cabrio', 'ACABRIO@UPC.EDU.PE', '650.509.4876', TO_DATE('07-02-2007', 'DD-MM-YYYY'), 'SH_CLERK', 3000, NULL, 121, 50),
    ( 188, 'Kelly', 'Chung', 'KCHUNG@UPC.EDU.PE', '650.505.1876', TO_DATE('14-06-2005', 'DD-MM-YYYY'), 'SH_CLERK', 3800, NULL, 122, 50),
    ( 189, 'Jennifer', 'Dilly', 'JDILLY@UPC.EDU.PE', '650.505.2876', TO_DATE('13-08-2005', 'DD-MM-YYYY'), 'SH_CLERK', 3600, NULL, 122, 50),
    ( 190, 'Timothy', 'Gates', 'TGATES@UPC.EDU.PE', '650.505.3876', TO_DATE('11-07-2006', 'DD-MM-YYYY'), 'SH_CLERK', 2900, NULL, 122, 50),
    ( 191, 'Randall', 'Perkins', 'RPERKINS@UPC.EDU.PE', '650.505.4876', TO_DATE('19-12-2007', 'DD-MM-YYYY'), 'SH_CLERK', 2500, NULL, 122, 50),
    ( 192, 'Sarah', 'Bell', 'SBELL@UPC.EDU.PE', '650.501.1876', TO_DATE('04-02-2004', 'DD-MM-YYYY'), 'SH_CLERK', 4000, NULL, 123, 50),
    ( 193, 'Britney', 'Everett', 'BEVERETT@UPC.EDU.PE', '650.501.2876', TO_DATE('03-03-2005', 'DD-MM-YYYY'), 'SH_CLERK', 3900, NULL, 123, 50),
    ( 194, 'Samuel', 'McCain', 'SMCCAIN@UPC.EDU.PE', '650.501.3876', TO_DATE('01-07-2006', 'DD-MM-YYYY'), 'SH_CLERK', 3200, NULL, 123, 50),
    ( 195, 'Vance', 'Jones', 'VJONES@UPC.EDU.PE', '650.501.4876', TO_DATE('17-03-2007', 'DD-MM-YYYY'), 'SH_CLERK', 2800, NULL, 123, 50),
    ( 196, 'Alana', 'Walsh', 'AWALSH@UPC.EDU.PE', '650.507.9811', TO_DATE('24-04-2006', 'DD-MM-YYYY'), 'SH_CLERK', 3100, NULL, 124, 50),
    ( 197, 'Kevin', 'Feeney', 'KFEENEY@UPC.EDU.PE', '650.507.9822', TO_DATE('23-05-2006', 'DD-MM-YYYY'), 'SH_CLERK', 3000, NULL, 124, 50),
    ( 198, 'Donald', 'OConnell', 'DOCONNEL@UPC.EDU.PE', '650.507.9833', TO_DATE('21-06-2007', 'DD-MM-YYYY'), 'SH_CLERK', 2600, NULL, 124, 50),
    ( 199, 'Douglas', 'Grant', 'DGRANT@UPC.EDU.PE', '650.507.9844', TO_DATE('13-01-2008', 'DD-MM-YYYY'), 'SH_CLERK', 2600, NULL, 124, 50),
    ( 200, 'Jennifer', 'Whalen', 'JWHALEN@UPC.EDU.PE', '515.123.4444', TO_DATE('17-09-2003', 'DD-MM-YYYY'), 'AD_ASST', 4400, NULL, 101, 10),
    ( 201, 'Michael', 'Hartstein', 'MHARTSTE@UPC.EDU.PE', '515.123.5555', TO_DATE('17-02-2004', 'DD-MM-YYYY'), 'MK_MAN', 13000, NULL, 100, 20),
    ( 202, 'Pat', 'Fay', 'PFAY@UPC.EDU.PE', '603.123.6666', TO_DATE('17-08-2005', 'DD-MM-YYYY'), 'MK_REP', 6000, NULL, 201, 20),
    ( 203, 'Susan', 'Mavris', 'SMAVRIS@UPC.EDU.PE', '515.123.7777', TO_DATE('07-06-2002', 'DD-MM-YYYY'), 'HR_REP', 6500, NULL, 101, 40),
    ( 204, 'Hermann', 'Baer', 'HBAER@UPC.EDU.PE', '515.123.8888', TO_DATE('07-06-2002', 'DD-MM-YYYY'), 'PR_REP', 10000, NULL, 101, 70),
    ( 205, 'Shelley', 'Higgins', 'SHIGGINS@UPC.EDU.PE', '515.123.8080', TO_DATE('07-06-2002', 'DD-MM-YYYY'), 'AC_MGR', 12008, NULL, 101, 110),
    ( 206, 'William', 'Gietz', 'WGIETZ@UPC.EDU.PE', '515.123.8181', TO_DATE('07-06-2002', 'DD-MM-YYYY'), 'AC_ACCOUNT', 8300, NULL, 205, 110);

UPDATE DEPARTMENTS SET manager_id = 200 WHERE department_id = 10;
UPDATE DEPARTMENTS SET manager_id = 201 WHERE department_id = 20;
UPDATE DEPARTMENTS SET manager_id = 114 WHERE department_id = 30;
UPDATE DEPARTMENTS SET manager_id = 203 WHERE department_id = 40;
UPDATE DEPARTMENTS SET manager_id = 121 WHERE department_id = 50;
UPDATE DEPARTMENTS SET manager_id = 103 WHERE department_id = 60;
UPDATE DEPARTMENTS SET manager_id = 204 WHERE department_id = 70;
UPDATE DEPARTMENTS SET manager_id = 145 WHERE department_id = 80;
UPDATE DEPARTMENTS SET manager_id = 100 WHERE department_id = 90;
UPDATE DEPARTMENTS SET manager_id = 108 WHERE department_id = 100;
UPDATE DEPARTMENTS SET manager_id = 205 WHERE department_id = 110;

INSERT INTO job_history(employee_id, start_date, end_date, job_id, department_id) VALUES
    (102, TO_DATE('13-01-2001', 'DD-MM-YYYY'), TO_DATE('24-07-2006', 'DD-MM-YYYY'), 'IT_PROG', 60),
    (101, TO_DATE('21-09-1997', 'DD-MM-YYYY'), TO_DATE('27-10-2001', 'DD-MM-YYYY'), 'AC_ACCOUNT', 110),
    (101, TO_DATE('28-10-2001', 'DD-MM-YYYY'), TO_DATE('15-03-2005', 'DD-MM-YYYY'), 'AC_MGR', 110),
    (201, TO_DATE('17-02-2004', 'DD-MM-YYYY'), TO_DATE('19-12-2007', 'DD-MM-YYYY'), 'MK_REP', 20),
    (114, TO_DATE('24-03-2006', 'DD-MM-YYYY'), TO_DATE('31-12-2007', 'DD-MM-YYYY'), 'ST_CLERK', 50),
    (122, TO_DATE('01-01-2007', 'DD-MM-YYYY'), TO_DATE('31-12-2007', 'DD-MM-YYYY'), 'ST_CLERK', 50),
    (200, TO_DATE('17-09-1995', 'DD-MM-YYYY'), TO_DATE('17-06-2001', 'DD-MM-YYYY'), 'AD_ASST', 90),
    (176, TO_DATE('24-03-2006', 'DD-MM-YYYY'), TO_DATE('31-12-2006', 'DD-MM-YYYY'), 'SA_REP', 80),
    (176, TO_DATE('01-01-2007', 'DD-MM-YYYY'), TO_DATE('31-12-2007', 'DD-MM-YYYY'), 'SA_MAN', 80),
    (200, TO_DATE('01-07-2002', 'DD-MM-YYYY'), TO_DATE('31-12-2006', 'DD-MM-YYYY'), 'AC_ACCOUNT', 90);

INSERT INTO languages(language_id, language_name) VALUES
    (1, 'English'), (2, 'French'), (3,'Italian'), (4,'Portuguese'), (5,'German'), (6,'Spanish'), (7,'Russian'),
    (8,'Mandarin'), (9,'Arabic'), (10,'Japanese'), (11,'Korean'), (12,'Persian'), (13,'Turkish'), (14,'Chinese');

INSERT INTO employees_languages(employee_id, language_id) VALUES
    (100, 1), (100, 2), (100, 3), (101, 1), (101, 4), (101, 6), (102, 2), (102, 4), (102, 6),
    (103, 2), (103, 3), (104, 5), (105, 6), (106, 7), (107, 3), (107, 4), (107, 5), (107, 6),
    (108, 2), (108, 8), (109, 6), (109, 9), (110, 1), (111, 2), (111, 3), (111, 6), (112, 4);
